User id,Experience,Auto,Mode
1DR,14,Geely Coolray,Ильич Авто
2DR,17,Nissan Qashqai,АвтоПарк
3DR,8,Hyundai Solaris,Нормальный парк
4DR,34,Kia Cerato,АвтоПарк
5DR,22,Toyota RAV4,Такси Для Души
6DR,6,Lada Granta,Нормальный парк
7DR,34,Geely Coolray,Таксуя Жируя
8DR,6,VW Polo,Честный драйвер
9DR,21,Lada Granta,Ездоки
10DR,16,Renault Sandero,Такси Для Души
11DR,38,Lada Granta,Честный драйвер
12DR,4,Lada Granta,Топ парк ин зе ворлд
13DR,17,Geely Atlas Pro,Понемногу Рулим
14DR,9,Nissan Qashqai,СМЗ/ИП
15DR,27,Kia Seltos,Ильич Авто
16DR,21,УАЗ Патриот,Такси Для Души
17DR,11,Skoda Rapid,Понемногу Рулим
18DR,14,Haval Jolion,Такси Для Души
19DR,10,Hyundai Tucson,СМЗ/ИП
20DR,17,Geely Coolray,Челябинск Авто
21DR,29,Renault Sandero,Честный драйвер
22DR,17,Lada Niva,Понемногу Рулим
23DR,22,Kia Sportage,Таксасин
24DR,13,Nissan Qashqai,Ездоки
25DR,32,VW Polo,Таксасин
26DR,17,Renault Duster,АвтоПарк
27DR,28,Kia Seltos,Таксуя Жируя
28DR,25,Nissan X-Trail,Нормальный парк
29DR,33,Lada Largus,Нормальный парк
30DR,20,Hyundai Creta,Ильич Авто
31DR,13,Mazda CX-5,Таксасин
32DR,37,Nissan Qashqai,Таксасин
33DR,12,Hyundai Tucson,Таксасин
34DR,20,Kia Seltos,СМЗ/ИП
35DR,6,Kia Seltos,АвтоПарк
36DR,16,Kia Seltos,АвтоПарк
37DR,39,Renault Sandero,Топ парк ин зе ворлд
38DR,18,Lada Niva,Понемногу Рулим
39DR,9,Haval F7,Ездоки
40DR,32,Lada Granta,Такси Для Души
41DR,29,Mazda CX-5,Ильич Авто
42DR,3,Lada Granta,Таксасин
43DR,4,Geely Atlas Pro,Таксуя Жируя
44DR,34,VW Polo,Челябинск Авто
45DR,18,Lada Largus,Такси Для Души
46DR,30,Renault Logan,Такси Для Души
47DR,40,Kia Seltos,Ездоки
48DR,17,Renault Duster,Ильич Авто
49DR,10,Hyundai Creta,Ездоки
50DR,7,Skoda Rapid,Такси Для Души
51DR,32,Kia Rio,Ездоки
52DR,6,Toyota RAV4,Челябинск Авто
53DR,3,Nissan X-Trail,Нормальный парк
54DR,20,Renault Duster,Таксуя Жируя
55DR,18,Lada Niva,Нормальный парк
56DR,33,Geely Coolray,Ильич Авто
57DR,24,Lada Largus,СМЗ/ИП
58DR,40,Renault Sandero,Честный драйвер
59DR,28,УАЗ Патриот,Честный драйвер
60DR,16,Mazda CX-5,Нормальный парк
61DR,9,Toyota RAV4,Честный драйвер
62DR,29,Geely Atlas Pro,Челябинск Авто
63DR,18,Lada Granta,АвтоПарк
64DR,39,Hyundai Tucson,Челябинск Авто
65DR,36,Lada Largus,Такси Для Души
66DR,23,Skoda Rapid,Нормальный парк
67DR,39,Hyundai Solaris,Такси Для Души
68DR,32,Renault Sandero,СМЗ/ИП
69DR,36,Kia Sportage,Ильич Авто
70DR,20,Mazda CX-5,Челябинск Авто
71DR,7,Geely Atlas Pro,Честный драйвер
72DR,38,Lada Largus,СМЗ/ИП
73DR,19,Geely Atlas Pro,Честный драйвер
74DR,13,Haval Jolion,АвтоПарк
75DR,11,Hyundai Tucson,Таксасин
76DR,21,Renault Logan,Честный драйвер
77DR,35,Renault Logan,АвтоПарк
78DR,28,УАЗ Патриот,Понемногу Рулим
79DR,35,УАЗ Патриот,Ездоки
80DR,24,УАЗ Патриот,Честный драйвер
81DR,24,Renault Logan,Челябинск Авто
82DR,29,Geely Atlas Pro,Понемногу Рулим
83DR,32,Haval F7,Понемногу Рулим
84DR,35,Geely Atlas Pro,Понемногу Рулим
85DR,5,Hyundai Solaris,Челябинск Авто
86DR,27,Lada Vesta,Челябинск Авто
87DR,24,Hyundai Solaris,Челябинск Авто
88DR,27,Haval F7,Таксасин
89DR,35,Geely Coolray,Таксуя Жируя
90DR,4,Hyundai Tucson,Топ парк ин зе ворлд
91DR,25,Renault Sandero,Челябинск Авто
92DR,24,Kia Rio,Понемногу Рулим
93DR,16,Hyundai Tucson,Такси Для Души
94DR,33,Haval Jolion,Такси Для Души
95DR,30,Hyundai Tucson,Такси Для Души
96DR,12,Nissan X-Trail,Челябинск Авто
97DR,32,Hyundai Creta,Нормальный парк
98DR,14,Lada Vesta,Таксуя Жируя
99DR,24,Hyundai Tucson,СМЗ/ИП
100DR,3,Geely Coolray,Топ парк ин зе ворлд
101DR,12,Kia Sportage,СМЗ/ИП
102DR,36,Toyota RAV4,Такси Для Души
103DR,13,Lada Niva,АвтоПарк
104DR,34,Hyundai Solaris,Честный драйвер
105DR,16,Geely Atlas Pro,Нормальный парк
106DR,21,Nissan X-Trail,Таксуя Жируя
107DR,19,Mazda CX-5,Таксуя Жируя
108DR,31,Nissan X-Trail,Топ парк ин зе ворлд
109DR,24,Hyundai Creta,Ездоки
110DR,15,Lada Niva,Нормальный парк
111DR,39,Nissan Qashqai,Топ парк ин зе ворлд
112DR,24,Kia Sportage,СМЗ/ИП
113DR,36,Renault Duster,Таксуя Жируя
114DR,38,Kia Rio,Честный драйвер
115DR,35,VW Polo,СМЗ/ИП
116DR,13,Lada Largus,СМЗ/ИП
117DR,4,Renault Sandero,АвтоПарк
118DR,33,Hyundai Solaris,Топ парк ин зе ворлд
119DR,25,Kia Seltos,Таксуя Жируя
120DR,28,Kia Rio,Понемногу Рулим
121DR,5,Geely Atlas Pro,Ильич Авто
122DR,38,Lada Niva,Нормальный парк
123DR,20,Renault Sandero,Такси Для Души
124DR,5,Haval F7,Челябинск Авто
125DR,10,Nissan X-Trail,Ездоки
126DR,9,Kia Rio,Такси Для Души
127DR,33,Kia Sportage,Поневоле мы за рулем
128DR,38,Lada Largus,Таксуя Жируя
129DR,31,УАЗ Патриот,АвтоПарк
130DR,7,Lada Vesta,Поневоле мы за рулем
131DR,7,Kia Seltos,АвтоПарк
132DR,5,Haval Jolion,Таксасин
133DR,28,Haval F7,Таксуя Жируя
134DR,40,УАЗ Патриот,АвтоПарк
135DR,34,Nissan X-Trail,Такси Для Души
136DR,12,Haval Jolion,Такси Для Души
137DR,39,Kia Seltos,Таксасин
138DR,4,Mazda CX-5,Ездоки
139DR,33,Lada Niva,Ездоки
140DR,12,Lada Largus,Таксасин
141DR,10,Kia Rio,Нормальный парк
142DR,6,Nissan Qashqai,Ильич Авто
143DR,10,Renault Duster,Нормальный парк
144DR,31,Mazda CX-5,Таксуя Жируя
145DR,29,Haval F7,Нормальный парк
146DR,36,Geely Atlas Pro,СМЗ/ИП
147DR,17,Nissan X-Trail,Такси Для Души
148DR,12,Kia Sportage,АвтоПарк
149DR,34,Haval Jolion,СМЗ/ИП
150DR,9,Haval F7,Ильич Авто
151DR,16,Renault Sandero,Таксуя Жируя
152DR,13,Lada Granta,Таксуя Жируя
153DR,38,Kia Cerato,Ильич Авто
154DR,13,Hyundai Creta,Нормальный парк
155DR,35,Toyota RAV4,Понемногу Рулим
156DR,16,Kia Rio,СМЗ/ИП
157DR,6,Haval F7,Таксасин
158DR,18,Nissan Qashqai,Таксасин
159DR,17,Nissan X-Trail,Таксасин
160DR,33,Geely Atlas Pro,Таксуя Жируя
161DR,22,Skoda Rapid,Челябинск Авто
162DR,26,Kia Seltos,Таксуя Жируя
163DR,15,Lada Granta,Таксуя Жируя
164DR,23,Kia Rio,Таксасин
165DR,24,VW Polo,Челябинск Авто
166DR,32,Hyundai Creta,Челябинск Авто
167DR,7,Lada Largus,Честный драйвер
168DR,5,Kia Sportage,Таксуя Жируя
169DR,6,Kia Rio,Такси Для Души
170DR,14,Geely Coolray,Таксуя Жируя
171DR,20,Hyundai Creta,Топ парк ин зе ворлд
172DR,9,Geely Coolray,Нормальный парк
173DR,11,VW Polo,Топ парк ин зе ворлд
174DR,40,Lada Niva,Таксуя Жируя
175DR,31,Kia Seltos,Нормальный парк
176DR,4,Renault Duster,Таксуя Жируя
177DR,20,Kia Seltos,Таксуя Жируя
178DR,12,Toyota RAV4,Такси Для Души
179DR,28,Hyundai Creta,Таксасин
180DR,35,Renault Sandero,Ездоки
181DR,36,Lada Vesta,Ездоки
182DR,20,Hyundai Tucson,Ильич Авто
183DR,27,УАЗ Патриот,Топ парк ин зе ворлд
184DR,19,Renault Sandero,Понемногу Рулим
185DR,32,Mazda CX-5,Такси Для Души
186DR,12,Lada Niva,СМЗ/ИП
187DR,13,Lada Largus,Таксасин
188DR,7,Haval Jolion,Поневоле мы за рулем
189DR,23,УАЗ Патриот,Челябинск Авто
190DR,33,Kia Cerato,СМЗ/ИП
191DR,22,Geely Coolray,Поневоле мы за рулем
192DR,32,Lada Largus,Топ парк ин зе ворлд
193DR,14,Haval Jolion,Такси Для Души
194DR,11,Lada Largus,Таксасин
195DR,19,Mazda CX-5,АвтоПарк
196DR,38,Nissan X-Trail,Таксуя Жируя
197DR,15,Renault Duster,Такси Для Души
198DR,14,Lada Largus,Честный драйвер
199DR,28,Renault Logan,Нормальный парк
200DR,17,Geely Coolray,Такси Для Души
201DR,10,Geely Coolray,Таксасин
202DR,31,Geely Coolray,Топ парк ин зе ворлд
203DR,18,Toyota RAV4,АвтоПарк
204DR,19,Lada Vesta,Таксуя Жируя
205DR,16,Lada Vesta,Таксуя Жируя
206DR,10,Renault Logan,Поневоле мы за рулем
207DR,39,Renault Sandero,Челябинск Авто
208DR,10,Kia Sportage,Честный драйвер
209DR,33,Haval Jolion,Таксуя Жируя
210DR,30,Skoda Rapid,Такси Для Души
211DR,22,УАЗ Патриот,Челябинск Авто
212DR,38,Lada Granta,Таксасин
213DR,22,VW Polo,Челябинск Авто
214DR,9,Renault Sandero,Поневоле мы за рулем
215DR,7,VW Polo,Челябинск Авто
216DR,5,Geely Coolray,Топ парк ин зе ворлд
217DR,20,Haval Jolion,Ильич Авто
218DR,14,УАЗ Патриот,Таксасин
219DR,13,Nissan X-Trail,Ездоки
220DR,14,Renault Logan,Ильич Авто
221DR,32,Mazda CX-5,Честный драйвер
222DR,8,VW Polo,Таксуя Жируя
223DR,21,Lada Granta,Топ парк ин зе ворлд
224DR,9,Lada Vesta,Ездоки
225DR,34,Geely Coolray,Топ парк ин зе ворлд
226DR,30,Kia Seltos,Ездоки
227DR,36,Haval Jolion,Нормальный парк
228DR,36,Geely Atlas Pro,Топ парк ин зе ворлд
229DR,23,Nissan X-Trail,Ильич Авто
230DR,38,Lada Granta,Такси Для Души
231DR,22,Kia Sportage,АвтоПарк
232DR,22,Skoda Rapid,Нормальный парк
233DR,5,Mazda CX-5,Поневоле мы за рулем
234DR,28,Geely Coolray,Честный драйвер
235DR,9,Geely Atlas Pro,Нормальный парк
236DR,6,Hyundai Creta,Ездоки
237DR,36,Mazda CX-5,Честный драйвер
238DR,24,Toyota RAV4,СМЗ/ИП
239DR,39,Geely Coolray,СМЗ/ИП
240DR,17,Lada Vesta,Честный драйвер
241DR,6,Lada Niva,Понемногу Рулим
242DR,25,Lada Granta,Честный драйвер
243DR,36,Nissan Qashqai,Понемногу Рулим
244DR,28,Hyundai Tucson,Ильич Авто
245DR,20,Lada Vesta,АвтоПарк
246DR,32,Geely Coolray,Челябинск Авто
247DR,29,Nissan X-Trail,Понемногу Рулим
248DR,31,Lada Largus,Топ парк ин зе ворлд
249DR,38,Toyota RAV4,АвтоПарк
250DR,17,Renault Duster,Такси Для Души
251DR,39,Hyundai Creta,Ездоки
252DR,28,УАЗ Патриот,Такси Для Души
253DR,11,Mazda CX-5,АвтоПарк
254DR,21,Kia Seltos,Таксуя Жируя
255DR,37,Skoda Rapid,Ездоки
256DR,20,Hyundai Creta,Нормальный парк
257DR,21,Kia Seltos,Нормальный парк
258DR,14,Mazda CX-5,Таксуя Жируя
259DR,25,Toyota RAV4,Таксасин
260DR,17,Skoda Rapid,Честный драйвер
261DR,11,Renault Sandero,Нормальный парк
262DR,3,Hyundai Creta,Понемногу Рулим
263DR,32,Haval Jolion,Честный драйвер
264DR,27,Nissan Qashqai,Таксасин
265DR,33,Geely Coolray,Понемногу Рулим
266DR,25,VW Polo,Нормальный парк
267DR,22,Renault Duster,Поневоле мы за рулем
268DR,14,Lada Granta,Таксуя Жируя
269DR,9,Kia Rio,Понемногу Рулим
270DR,8,Lada Niva,Ездоки
271DR,27,Hyundai Creta,Ильич Авто
272DR,19,Geely Coolray,Таксасин
273DR,11,Hyundai Creta,Нормальный парк
274DR,17,Lada Vesta,СМЗ/ИП
275DR,17,Nissan Qashqai,Таксасин
276DR,22,Renault Logan,Поневоле мы за рулем
277DR,38,Nissan X-Trail,Такси Для Души
278DR,37,VW Polo,Ездоки
279DR,16,Kia Cerato,Ильич Авто
280DR,6,Renault Logan,Ильич Авто
281DR,32,УАЗ Патриот,Поневоле мы за рулем
282DR,37,Lada Vesta,Ильич Авто
283DR,35,Kia Sportage,АвтоПарк
284DR,30,Renault Duster,Челябинск Авто
285DR,40,Kia Rio,Нормальный парк
286DR,25,Nissan X-Trail,Такси Для Души
287DR,34,Lada Largus,Честный драйвер
288DR,11,Hyundai Solaris,Ильич Авто
289DR,28,Toyota RAV4,Челябинск Авто
290DR,4,Hyundai Creta,Ильич Авто
291DR,19,Hyundai Solaris,Топ парк ин зе ворлд
292DR,30,Renault Duster,Честный драйвер
293DR,34,Geely Coolray,Честный драйвер
294DR,3,Lada Largus,Топ парк ин зе ворлд
295DR,3,Kia Cerato,Таксасин
296DR,23,Kia Seltos,АвтоПарк
297DR,33,Lada Granta,Понемногу Рулим
298DR,40,Nissan X-Trail,Такси Для Души
299DR,40,Haval Jolion,АвтоПарк
300DR,12,Hyundai Solaris,Топ парк ин зе ворлд
301DR,13,Renault Sandero,АвтоПарк
302DR,6,Lada Vesta,Поневоле мы за рулем
303DR,4,Renault Logan,Нормальный парк
304DR,33,Kia Cerato,АвтоПарк
305DR,13,Renault Duster,Нормальный парк
306DR,21,Toyota RAV4,АвтоПарк
307DR,7,Renault Logan,Поневоле мы за рулем
308DR,21,Nissan Qashqai,Понемногу Рулим
309DR,24,Lada Largus,Ильич Авто
310DR,14,Renault Logan,Понемногу Рулим
311DR,22,Geely Atlas Pro,Такси Для Души
312DR,16,Geely Coolray,Нормальный парк
313DR,15,Hyundai Tucson,Челябинск Авто
314DR,34,Mazda CX-5,Такси Для Души
315DR,28,Hyundai Solaris,Ездоки
316DR,21,Kia Cerato,СМЗ/ИП
317DR,5,Haval F7,Понемногу Рулим
318DR,39,Toyota RAV4,Поневоле мы за рулем
319DR,21,Renault Logan,Такси Для Души
320DR,14,Hyundai Tucson,Понемногу Рулим
321DR,3,Haval F7,Нормальный парк
322DR,29,Geely Atlas Pro,Понемногу Рулим
323DR,35,Nissan Qashqai,Понемногу Рулим
324DR,22,Toyota RAV4,Ездоки
325DR,22,Nissan Qashqai,Ездоки
326DR,11,Hyundai Tucson,СМЗ/ИП
327DR,35,Kia Sportage,Поневоле мы за рулем
328DR,31,Lada Largus,Таксуя Жируя
329DR,14,Kia Seltos,Поневоле мы за рулем
330DR,25,Haval F7,Поневоле мы за рулем
331DR,17,Nissan X-Trail,Топ парк ин зе ворлд
332DR,4,Renault Duster,СМЗ/ИП
333DR,23,Skoda Rapid,СМЗ/ИП
334DR,26,Kia Sportage,Ильич Авто
335DR,8,Hyundai Tucson,Таксасин
336DR,25,Nissan X-Trail,Таксасин
337DR,26,Renault Duster,Челябинск Авто
338DR,26,Nissan Qashqai,Ездоки
339DR,25,УАЗ Патриот,СМЗ/ИП
340DR,12,Renault Logan,Поневоле мы за рулем
341DR,34,Haval F7,Топ парк ин зе ворлд
342DR,14,Haval Jolion,Ездоки
343DR,28,Kia Rio,Таксуя Жируя
344DR,29,VW Polo,Понемногу Рулим
345DR,39,Haval Jolion,Поневоле мы за рулем
346DR,37,Toyota RAV4,Ильич Авто
347DR,19,Lada Largus,Нормальный парк
348DR,24,Nissan X-Trail,Нормальный парк
349DR,10,Hyundai Solaris,Ильич Авто
350DR,40,Renault Logan,Понемногу Рулим
351DR,21,Lada Niva,СМЗ/ИП
352DR,19,Nissan Qashqai,Честный драйвер
353DR,21,Renault Logan,Челябинск Авто
354DR,39,Nissan X-Trail,Челябинск Авто
355DR,4,Toyota RAV4,Честный драйвер
356DR,17,УАЗ Патриот,Честный драйвер
357DR,4,Hyundai Tucson,Нормальный парк
358DR,9,Lada Vesta,Таксуя Жируя
359DR,28,VW Polo,АвтоПарк
360DR,4,Toyota RAV4,Таксасин
361DR,27,Lada Granta,Такси Для Души
362DR,30,Lada Largus,Таксасин
363DR,14,Skoda Rapid,АвтоПарк
364DR,6,УАЗ Патриот,Таксасин
365DR,40,Lada Niva,Челябинск Авто
366DR,17,Mazda CX-5,Такси Для Души
367DR,21,Nissan X-Trail,АвтоПарк
368DR,18,УАЗ Патриот,Ездоки
369DR,36,Geely Atlas Pro,Ездоки
370DR,33,Lada Vesta,Понемногу Рулим
371DR,35,Kia Cerato,Ездоки
372DR,40,Geely Coolray,Понемногу Рулим
373DR,10,Geely Atlas Pro,Нормальный парк
374DR,40,Hyundai Solaris,Понемногу Рулим
375DR,39,Kia Rio,Честный драйвер
376DR,3,Nissan X-Trail,Честный драйвер
377DR,36,Mazda CX-5,Таксасин
378DR,31,Kia Rio,Нормальный парк
379DR,28,Kia Cerato,Таксасин
380DR,3,Kia Seltos,Нормальный парк
381DR,20,VW Polo,Честный драйвер
382DR,26,Renault Duster,Ильич Авто
383DR,13,Skoda Rapid,Челябинск Авто
384DR,10,Renault Sandero,Честный драйвер
385DR,34,Lada Largus,Ильич Авто
386DR,30,Skoda Rapid,Челябинск Авто
387DR,15,Mazda CX-5,Поневоле мы за рулем
388DR,19,Hyundai Solaris,Ездоки
389DR,8,Hyundai Solaris,Топ парк ин зе ворлд
390DR,21,Hyundai Solaris,Такси Для Души
391DR,23,Renault Sandero,Честный драйвер
392DR,17,Hyundai Solaris,Понемногу Рулим
393DR,37,Kia Sportage,Ильич Авто
394DR,4,VW Polo,Таксуя Жируя
395DR,38,Haval F7,Честный драйвер
396DR,10,Geely Atlas Pro,Топ парк ин зе ворлд
397DR,25,Lada Granta,Челябинск Авто
398DR,25,Kia Seltos,Топ парк ин зе ворлд
399DR,18,Nissan X-Trail,Ильич Авто
400DR,25,УАЗ Патриот,Таксасин
401DR,6,Haval F7,Ездоки
402DR,34,Lada Granta,Таксасин
403DR,35,Kia Seltos,СМЗ/ИП
404DR,23,Hyundai Creta,СМЗ/ИП
405DR,21,Kia Cerato,Понемногу Рулим
406DR,26,Lada Vesta,Ильич Авто
407DR,12,Haval Jolion,Честный драйвер
408DR,10,Geely Coolray,Понемногу Рулим
409DR,37,Hyundai Tucson,Ездоки
410DR,10,Mazda CX-5,Ильич Авто
411DR,32,Kia Cerato,Ездоки
412DR,17,Kia Cerato,Ильич Авто
413DR,19,Geely Atlas Pro,Ильич Авто
414DR,7,Hyundai Tucson,Поневоле мы за рулем
415DR,12,Renault Duster,Ильич Авто
416DR,9,Toyota RAV4,АвтоПарк
417DR,27,Hyundai Creta,СМЗ/ИП
418DR,12,Hyundai Creta,Ильич Авто
419DR,31,Renault Sandero,Таксасин
420DR,3,Kia Seltos,Таксуя Жируя
421DR,26,Geely Atlas Pro,Челябинск Авто
422DR,39,Toyota RAV4,Таксасин
423DR,6,Mazda CX-5,Таксуя Жируя
424DR,32,Nissan X-Trail,Топ парк ин зе ворлд
425DR,14,Skoda Rapid,Ездоки
426DR,25,Hyundai Tucson,Честный драйвер
427DR,4,Haval Jolion,Челябинск Авто
428DR,4,Lada Vesta,Таксасин
429DR,10,Skoda Rapid,Топ парк ин зе ворлд
430DR,16,Mazda CX-5,Таксасин
431DR,36,Geely Coolray,Ездоки
432DR,28,Hyundai Creta,Таксасин
433DR,29,Kia Rio,Таксуя Жируя
434DR,15,Nissan Qashqai,СМЗ/ИП
435DR,10,Kia Seltos,Поневоле мы за рулем
436DR,31,УАЗ Патриот,Нормальный парк
437DR,39,Haval Jolion,Ильич Авто
438DR,26,Toyota RAV4,Честный драйвер
439DR,15,Geely Coolray,Нормальный парк
440DR,14,Hyundai Tucson,Поневоле мы за рулем
441DR,18,Kia Seltos,Таксуя Жируя
442DR,34,УАЗ Патриот,СМЗ/ИП
443DR,33,Hyundai Creta,Поневоле мы за рулем
444DR,30,Renault Duster,Такси Для Души
445DR,34,Kia Seltos,Такси Для Души
446DR,25,Hyundai Solaris,Топ парк ин зе ворлд
447DR,13,Nissan X-Trail,Челябинск Авто
448DR,15,Lada Vesta,Челябинск Авто
449DR,26,Geely Atlas Pro,АвтоПарк
450DR,30,Nissan Qashqai,АвтоПарк
451DR,8,Lada Vesta,Нормальный парк
452DR,35,Haval Jolion,Топ парк ин зе ворлд
453DR,32,Mazda CX-5,Такси Для Души
454DR,28,Kia Sportage,АвтоПарк
455DR,37,VW Polo,АвтоПарк
456DR,29,Lada Granta,Нормальный парк
457DR,29,Lada Niva,Такси Для Души
458DR,28,Kia Seltos,АвтоПарк
459DR,34,Lada Largus,Челябинск Авто
460DR,20,Hyundai Solaris,Поневоле мы за рулем
461DR,21,Kia Cerato,Нормальный парк
462DR,35,Renault Logan,АвтоПарк
463DR,15,Kia Cerato,Челябинск Авто
464DR,4,Renault Sandero,Ездоки
465DR,16,Haval Jolion,Честный драйвер
466DR,9,Kia Cerato,Челябинск Авто
467DR,40,Lada Niva,Ильич Авто
468DR,24,Renault Sandero,Таксуя Жируя
469DR,35,Hyundai Solaris,Понемногу Рулим
470DR,4,Geely Atlas Pro,Таксасин
471DR,14,Mazda CX-5,Топ парк ин зе ворлд
472DR,20,Geely Atlas Pro,Таксуя Жируя
473DR,18,Kia Sportage,Нормальный парк
474DR,28,Nissan Qashqai,АвтоПарк
475DR,12,Lada Niva,Поневоле мы за рулем
476DR,22,Renault Duster,Ильич Авто
477DR,3,Mazda CX-5,Таксуя Жируя
478DR,36,Renault Duster,Таксасин
479DR,20,Nissan Qashqai,Честный драйвер
480DR,40,Haval Jolion,Ездоки
481DR,32,VW Polo,Поневоле мы за рулем
482DR,14,Mazda CX-5,Честный драйвер
483DR,22,Skoda Rapid,Нормальный парк
484DR,29,Haval F7,Такси Для Души
485DR,16,Nissan Qashqai,Ильич Авто
486DR,35,Skoda Rapid,Таксасин
487DR,36,Mazda CX-5,Такси Для Души
488DR,35,Renault Sandero,Топ парк ин зе ворлд
489DR,21,Nissan X-Trail,Такси Для Души
490DR,23,Lada Niva,Честный драйвер
491DR,35,Kia Rio,Челябинск Авто
492DR,31,Haval Jolion,Ездоки
493DR,29,УАЗ Патриот,Нормальный парк
494DR,15,Kia Seltos,Понемногу Рулим
495DR,38,Lada Vesta,Топ парк ин зе ворлд
496DR,20,Hyundai Solaris,Понемногу Рулим
497DR,23,Geely Coolray,Честный драйвер
498DR,18,VW Polo,Топ парк ин зе ворлд
499DR,10,Geely Atlas Pro,Таксуя Жируя
500DR,5,VW Polo,Честный драйвер
501DR,30,Renault Logan,Таксуя Жируя
502DR,19,Haval F7,Таксуя Жируя
503DR,6,Renault Sandero,Поневоле мы за рулем
504DR,20,Lada Largus,Ильич Авто
505DR,5,Skoda Rapid,Ильич Авто
506DR,24,Haval Jolion,СМЗ/ИП
507DR,40,Haval F7,АвтоПарк
508DR,34,VW Polo,Ильич Авто
509DR,17,Renault Sandero,Поневоле мы за рулем
510DR,15,Hyundai Solaris,Нормальный парк
511DR,6,УАЗ Патриот,Челябинск Авто
512DR,33,Lada Granta,Челябинск Авто
513DR,27,Lada Granta,СМЗ/ИП
514DR,3,Renault Duster,Поневоле мы за рулем
515DR,38,Kia Cerato,Таксуя Жируя
516DR,19,Skoda Rapid,Честный драйвер
517DR,38,Nissan Qashqai,Таксасин
518DR,39,Geely Coolray,Нормальный парк
519DR,28,Skoda Rapid,Таксуя Жируя
520DR,4,Lada Largus,Понемногу Рулим
521DR,21,Kia Rio,СМЗ/ИП
522DR,33,Hyundai Tucson,Топ парк ин зе ворлд
523DR,16,Geely Atlas Pro,Нормальный парк
524DR,16,VW Polo,Такси Для Души
525DR,27,Renault Duster,Таксуя Жируя
526DR,36,Hyundai Creta,Поневоле мы за рулем
527DR,19,УАЗ Патриот,Такси Для Души
528DR,27,Nissan Qashqai,Челябинск Авто
529DR,7,Lada Largus,Понемногу Рулим
530DR,23,Nissan X-Trail,Ездоки
531DR,11,Hyundai Creta,Поневоле мы за рулем
532DR,23,Lada Granta,АвтоПарк
533DR,9,Toyota RAV4,АвтоПарк
534DR,24,Haval F7,Челябинск Авто
535DR,39,Mazda CX-5,Топ парк ин зе ворлд
536DR,24,Hyundai Solaris,Поневоле мы за рулем
537DR,11,Kia Seltos,Таксуя Жируя
538DR,36,VW Polo,СМЗ/ИП
539DR,25,Hyundai Creta,Такси Для Души
540DR,29,Nissan X-Trail,Таксасин
541DR,13,Kia Sportage,Топ парк ин зе ворлд
542DR,33,УАЗ Патриот,Челябинск Авто
543DR,39,Lada Granta,Честный драйвер
544DR,29,Haval F7,АвтоПарк
545DR,16,Hyundai Solaris,Челябинск Авто
546DR,40,Nissan X-Trail,Такси Для Души
547DR,23,Skoda Rapid,Такси Для Души
548DR,4,Kia Sportage,Такси Для Души
549DR,23,Renault Duster,АвтоПарк
550DR,13,Nissan X-Trail,Честный драйвер
551DR,8,Haval F7,Таксасин
552DR,9,Renault Logan,Такси Для Души
553DR,31,Mazda CX-5,Таксасин
554DR,29,Mazda CX-5,Поневоле мы за рулем
555DR,33,Lada Vesta,АвтоПарк
556DR,35,Nissan Qashqai,Поневоле мы за рулем
557DR,28,Lada Niva,Таксуя Жируя
558DR,12,Mazda CX-5,Ильич Авто
559DR,23,Lada Niva,Ездоки
560DR,30,Renault Duster,Таксуя Жируя
561DR,15,Haval Jolion,СМЗ/ИП
562DR,36,Kia Sportage,СМЗ/ИП
563DR,6,Geely Atlas Pro,Ездоки
564DR,32,Nissan Qashqai,Понемногу Рулим
565DR,26,Lada Vesta,Поневоле мы за рулем
566DR,36,Geely Atlas Pro,Ездоки
567DR,39,Haval F7,Нормальный парк
568DR,3,Geely Coolray,Нормальный парк
569DR,3,Kia Sportage,Таксасин
570DR,30,Renault Duster,Таксуя Жируя
571DR,9,УАЗ Патриот,Таксасин
572DR,35,Lada Granta,Ездоки
573DR,22,Geely Coolray,Понемногу Рулим
574DR,17,Geely Atlas Pro,Нормальный парк
575DR,19,УАЗ Патриот,Таксуя Жируя
576DR,21,Hyundai Creta,Топ парк ин зе ворлд
577DR,11,Nissan Qashqai,Честный драйвер
578DR,33,Nissan X-Trail,Поневоле мы за рулем
579DR,3,Haval F7,Такси Для Души
580DR,24,Geely Atlas Pro,Челябинск Авто
581DR,34,Geely Atlas Pro,АвтоПарк
582DR,17,VW Polo,Таксасин
583DR,23,Geely Coolray,Понемногу Рулим
584DR,32,VW Polo,Такси Для Души
585DR,27,Haval F7,Ездоки
586DR,6,Kia Sportage,АвтоПарк
587DR,27,Haval F7,Ездоки
588DR,17,Hyundai Solaris,Такси Для Души
589DR,34,Renault Duster,Честный драйвер
590DR,6,Toyota RAV4,Таксуя Жируя
591DR,19,Renault Sandero,АвтоПарк
592DR,39,Skoda Rapid,СМЗ/ИП
593DR,22,Kia Seltos,Челябинск Авто
594DR,20,Hyundai Solaris,Понемногу Рулим
595DR,21,Kia Rio,Поневоле мы за рулем
596DR,37,Lada Granta,Топ парк ин зе ворлд
597DR,35,Geely Coolray,Честный драйвер
598DR,18,Lada Vesta,Ильич Авто
599DR,26,Kia Rio,Топ парк ин зе ворлд
600DR,15,Renault Duster,Поневоле мы за рулем
601DR,37,Skoda Rapid,Таксасин
602DR,18,Haval Jolion,Челябинск Авто
603DR,24,Geely Coolray,Ездоки
604DR,6,Mazda CX-5,Ездоки
605DR,6,Lada Niva,Понемногу Рулим
606DR,21,Skoda Rapid,СМЗ/ИП
607DR,30,Renault Duster,Челябинск Авто
608DR,15,Haval Jolion,АвтоПарк
609DR,12,Hyundai Tucson,Честный драйвер
610DR,22,Lada Granta,Понемногу Рулим
611DR,34,Kia Rio,СМЗ/ИП
612DR,37,Geely Coolray,Таксасин
613DR,25,Hyundai Tucson,АвтоПарк
614DR,21,Lada Largus,Поневоле мы за рулем
615DR,39,Lada Granta,АвтоПарк
616DR,30,Toyota RAV4,СМЗ/ИП
617DR,13,Toyota RAV4,Топ парк ин зе ворлд
618DR,17,Skoda Rapid,Челябинск Авто
619DR,12,Renault Logan,Такси Для Души
620DR,12,Lada Largus,Топ парк ин зе ворлд
621DR,28,Lada Niva,Ильич Авто
622DR,30,Renault Logan,АвтоПарк
623DR,30,Haval F7,Таксасин
624DR,10,УАЗ Патриот,Ильич Авто
625DR,3,Haval Jolion,Таксасин
626DR,28,УАЗ Патриот,Ильич Авто
627DR,18,Kia Sportage,Честный драйвер
628DR,35,Lada Granta,АвтоПарк
629DR,22,Lada Vesta,Нормальный парк
630DR,28,Haval F7,Таксуя Жируя
631DR,16,Nissan Qashqai,СМЗ/ИП
632DR,25,УАЗ Патриот,Таксуя Жируя
633DR,18,УАЗ Патриот,Таксасин
634DR,12,Renault Sandero,Ездоки
635DR,30,Lada Vesta,Челябинск Авто
636DR,22,Skoda Rapid,Поневоле мы за рулем
637DR,23,VW Polo,Таксасин
638DR,11,Hyundai Creta,Топ парк ин зе ворлд
639DR,14,Renault Sandero,АвтоПарк
640DR,9,Renault Duster,Таксуя Жируя
641DR,3,VW Polo,Топ парк ин зе ворлд
642DR,21,Geely Atlas Pro,Челябинск Авто
643DR,18,VW Polo,Понемногу Рулим
644DR,10,Lada Niva,Топ парк ин зе ворлд
645DR,19,Geely Coolray,Таксуя Жируя
646DR,8,Hyundai Tucson,Поневоле мы за рулем
647DR,18,Lada Granta,Нормальный парк
648DR,36,Renault Duster,Таксасин
649DR,19,Haval F7,АвтоПарк
650DR,27,УАЗ Патриот,Нормальный парк
651DR,11,Kia Cerato,Топ парк ин зе ворлд
652DR,17,Toyota RAV4,Поневоле мы за рулем
653DR,11,Kia Rio,Ездоки
654DR,8,Kia Cerato,АвтоПарк
655DR,34,Renault Duster,Челябинск Авто
656DR,6,Kia Rio,Честный драйвер
657DR,40,Lada Granta,Честный драйвер
658DR,23,УАЗ Патриот,Челябинск Авто
659DR,38,Haval Jolion,Понемногу Рулим
660DR,19,Skoda Rapid,Ездоки
661DR,39,Lada Granta,Таксасин
662DR,30,Lada Granta,Таксасин
663DR,36,Lada Niva,Таксуя Жируя
664DR,10,Lada Niva,Понемногу Рулим
665DR,6,Lada Granta,Таксасин
666DR,34,Kia Sportage,Честный драйвер
667DR,23,Renault Logan,Честный драйвер
668DR,16,Renault Duster,Таксуя Жируя
669DR,14,Skoda Rapid,Поневоле мы за рулем
670DR,11,Toyota RAV4,Поневоле мы за рулем
671DR,19,VW Polo,Честный драйвер
672DR,37,Haval F7,АвтоПарк
673DR,15,Hyundai Tucson,Челябинск Авто
674DR,25,Toyota RAV4,Такси Для Души
675DR,33,Kia Rio,Таксасин
676DR,23,Kia Seltos,Честный драйвер
677DR,4,Renault Logan,АвтоПарк
678DR,35,Kia Cerato,Такси Для Души
679DR,32,Hyundai Solaris,Топ парк ин зе ворлд
680DR,26,Geely Coolray,Ездоки
681DR,35,Toyota RAV4,Топ парк ин зе ворлд
682DR,27,Toyota RAV4,Нормальный парк
683DR,19,Nissan X-Trail,АвтоПарк
684DR,16,Skoda Rapid,Ездоки
685DR,14,Lada Niva,Топ парк ин зе ворлд
686DR,40,Lada Granta,Ильич Авто
687DR,8,Nissan Qashqai,Челябинск Авто
688DR,22,Haval Jolion,Такси Для Души
689DR,29,Lada Largus,Топ парк ин зе ворлд
690DR,36,Renault Sandero,АвтоПарк
691DR,16,Hyundai Tucson,Честный драйвер
692DR,25,Haval Jolion,Таксасин
693DR,22,Renault Duster,Поневоле мы за рулем
694DR,17,Kia Sportage,СМЗ/ИП
695DR,23,Mazda CX-5,Ездоки
696DR,26,Renault Duster,Таксуя Жируя
697DR,17,Skoda Rapid,АвтоПарк
698DR,18,Renault Sandero,АвтоПарк
699DR,11,Kia Cerato,Честный драйвер
700DR,7,Lada Largus,Таксуя Жируя
701DR,15,Mazda CX-5,Нормальный парк
702DR,15,Geely Coolray,Поневоле мы за рулем
703DR,21,Kia Cerato,Нормальный парк
704DR,3,Lada Largus,Понемногу Рулим
705DR,17,Renault Duster,Ездоки
706DR,6,УАЗ Патриот,Поневоле мы за рулем
707DR,23,Renault Duster,Челябинск Авто
708DR,3,Geely Coolray,Поневоле мы за рулем
709DR,14,Lada Niva,Таксуя Жируя
710DR,20,Kia Sportage,Честный драйвер
711DR,18,Nissan X-Trail,Таксасин
712DR,13,Lada Vesta,Таксуя Жируя
713DR,19,Mazda CX-5,Таксасин
714DR,23,Hyundai Tucson,Челябинск Авто
715DR,34,Hyundai Creta,Топ парк ин зе ворлд
716DR,16,Hyundai Tucson,Таксуя Жируя
717DR,10,Haval Jolion,Таксуя Жируя
718DR,9,Lada Niva,Таксуя Жируя
719DR,39,Haval Jolion,Честный драйвер
720DR,17,Geely Atlas Pro,АвтоПарк
721DR,31,УАЗ Патриот,Нормальный парк
722DR,9,Kia Rio,Такси Для Души
723DR,3,Haval Jolion,Топ парк ин зе ворлд
724DR,8,Kia Rio,Челябинск Авто
725DR,6,Lada Largus,Таксуя Жируя
726DR,38,Renault Duster,СМЗ/ИП
727DR,38,УАЗ Патриот,Такси Для Души
728DR,18,Haval Jolion,Топ парк ин зе ворлд
729DR,12,Geely Atlas Pro,Ильич Авто
730DR,22,Lada Granta,Таксуя Жируя
731DR,20,Lada Largus,АвтоПарк
732DR,13,Kia Cerato,Ильич Авто
733DR,38,Renault Duster,Таксасин
734DR,37,Nissan X-Trail,Поневоле мы за рулем
735DR,6,Renault Logan,Такси Для Души
736DR,15,Kia Sportage,Честный драйвер
737DR,23,Hyundai Tucson,Таксуя Жируя
738DR,40,Kia Sportage,Таксуя Жируя
739DR,7,VW Polo,Честный драйвер
740DR,24,Lada Vesta,Ильич Авто
741DR,36,Haval Jolion,Ильич Авто
742DR,29,Haval Jolion,Таксасин
743DR,37,Hyundai Creta,Челябинск Авто
744DR,20,Renault Sandero,АвтоПарк
745DR,3,Toyota RAV4,Честный драйвер
746DR,27,Hyundai Creta,Ильич Авто
747DR,3,УАЗ Патриот,Ильич Авто
748DR,15,Nissan Qashqai,Такси Для Души
749DR,33,Geely Atlas Pro,Нормальный парк
750DR,8,Kia Rio,Поневоле мы за рулем
751DR,12,Lada Niva,СМЗ/ИП
752DR,18,УАЗ Патриот,Челябинск Авто
753DR,3,Geely Coolray,Ильич Авто
754DR,37,Renault Sandero,СМЗ/ИП
755DR,34,Geely Atlas Pro,Такси Для Души
756DR,11,Hyundai Tucson,Таксасин
757DR,24,Kia Seltos,Честный драйвер
758DR,10,Haval F7,СМЗ/ИП
759DR,18,Lada Niva,Такси Для Души
760DR,38,УАЗ Патриот,Топ парк ин зе ворлд
761DR,12,Lada Vesta,Таксуя Жируя
762DR,30,Mazda CX-5,СМЗ/ИП
763DR,15,УАЗ Патриот,АвтоПарк
764DR,17,УАЗ Патриот,Такси Для Души
765DR,28,VW Polo,Такси Для Души
766DR,9,Kia Seltos,Ильич Авто
767DR,30,УАЗ Патриот,Таксасин
768DR,31,Renault Logan,Поневоле мы за рулем
769DR,40,Renault Logan,Челябинск Авто
770DR,35,Kia Cerato,Нормальный парк
771DR,40,УАЗ Патриот,СМЗ/ИП
772DR,4,Renault Sandero,Понемногу Рулим
773DR,39,Lada Niva,АвтоПарк
774DR,23,VW Polo,Ездоки
775DR,11,VW Polo,Таксасин
776DR,36,Kia Rio,Нормальный парк
777DR,34,Hyundai Tucson,Топ парк ин зе ворлд
778DR,20,VW Polo,Челябинск Авто
779DR,40,Lada Vesta,СМЗ/ИП
780DR,9,Kia Rio,АвтоПарк
781DR,27,Nissan X-Trail,Такси Для Души
782DR,16,Skoda Rapid,Таксуя Жируя
783DR,28,Kia Sportage,Таксасин
784DR,20,Geely Atlas Pro,Нормальный парк
785DR,19,VW Polo,Таксасин
786DR,8,Nissan X-Trail,Честный драйвер
787DR,18,Skoda Rapid,Понемногу Рулим
788DR,10,Skoda Rapid,СМЗ/ИП
789DR,15,Hyundai Tucson,АвтоПарк
790DR,4,Renault Sandero,Поневоле мы за рулем
791DR,22,Geely Coolray,Понемногу Рулим
792DR,15,Nissan X-Trail,Нормальный парк
793DR,21,Haval F7,Ильич Авто
794DR,39,VW Polo,Таксасин
795DR,11,Hyundai Creta,Топ парк ин зе ворлд
796DR,11,Mazda CX-5,Нормальный парк
797DR,25,УАЗ Патриот,Ездоки
798DR,22,Lada Largus,Понемногу Рулим
799DR,12,Mazda CX-5,Поневоле мы за рулем
800DR,30,Mazda CX-5,Ильич Авто
801DR,35,Kia Rio,Понемногу Рулим
802DR,24,Hyundai Tucson,Поневоле мы за рулем
803DR,24,Renault Logan,АвтоПарк
804DR,14,Toyota RAV4,Нормальный парк
805DR,32,Toyota RAV4,Ильич Авто
806DR,35,Kia Rio,Нормальный парк
807DR,28,Lada Largus,Таксасин
808DR,20,Geely Atlas Pro,Топ парк ин зе ворлд
809DR,38,Lada Largus,Челябинск Авто
810DR,24,Kia Rio,Честный драйвер
811DR,4,Kia Seltos,АвтоПарк
812DR,9,Kia Cerato,Челябинск Авто
813DR,33,Renault Duster,Понемногу Рулим
814DR,21,Renault Logan,АвтоПарк
815DR,20,Geely Coolray,Таксуя Жируя
816DR,40,Toyota RAV4,Поневоле мы за рулем
817DR,25,VW Polo,Таксасин
818DR,13,Geely Atlas Pro,СМЗ/ИП
819DR,26,Lada Largus,СМЗ/ИП
820DR,24,Hyundai Tucson,Таксасин
821DR,25,Hyundai Solaris,Ездоки
822DR,15,Hyundai Creta,Таксуя Жируя
823DR,16,Nissan Qashqai,СМЗ/ИП
824DR,30,Haval F7,Поневоле мы за рулем
825DR,35,Geely Coolray,Ильич Авто
826DR,5,Haval Jolion,Таксуя Жируя
827DR,27,Lada Largus,Топ парк ин зе ворлд
828DR,37,Renault Sandero,Таксуя Жируя
829DR,20,Renault Duster,Таксуя Жируя
830DR,11,Renault Duster,Поневоле мы за рулем
831DR,39,Hyundai Tucson,Ильич Авто
832DR,5,Haval Jolion,СМЗ/ИП
833DR,25,Hyundai Creta,Поневоле мы за рулем
834DR,27,Toyota RAV4,Понемногу Рулим
835DR,26,Toyota RAV4,Такси Для Души
836DR,20,Hyundai Solaris,СМЗ/ИП
837DR,26,Lada Vesta,Честный драйвер
838DR,14,Lada Vesta,Ильич Авто
839DR,39,Haval F7,АвтоПарк
840DR,20,Nissan Qashqai,АвтоПарк
841DR,15,Lada Niva,АвтоПарк
842DR,28,Geely Coolray,Такси Для Души
843DR,13,Hyundai Solaris,Ездоки
844DR,19,Hyundai Tucson,Честный драйвер
845DR,3,Renault Duster,Таксуя Жируя
846DR,22,Renault Sandero,Поневоле мы за рулем
847DR,25,Renault Sandero,Топ парк ин зе ворлд
848DR,5,Hyundai Solaris,Такси Для Души
849DR,8,Haval F7,Таксуя Жируя
850DR,23,Nissan Qashqai,Ильич Авто
851DR,5,VW Polo,Таксасин
852DR,34,Toyota RAV4,Нормальный парк
853DR,15,Haval Jolion,Такси Для Души
854DR,4,Haval F7,АвтоПарк
855DR,39,Kia Cerato,Челябинск Авто
856DR,25,Nissan X-Trail,АвтоПарк
857DR,38,Hyundai Creta,Ильич Авто
858DR,32,Toyota RAV4,Нормальный парк
859DR,25,Kia Sportage,Поневоле мы за рулем
860DR,33,Haval F7,Топ парк ин зе ворлд
861DR,35,Kia Seltos,АвтоПарк
862DR,17,Kia Rio,Ездоки
863DR,3,Kia Seltos,Понемногу Рулим
864DR,19,Kia Cerato,АвтоПарк
865DR,20,Nissan Qashqai,Ильич Авто
866DR,20,Nissan X-Trail,СМЗ/ИП
867DR,34,Kia Rio,Таксуя Жируя
868DR,8,Kia Cerato,Таксуя Жируя
869DR,19,УАЗ Патриот,Таксуя Жируя
870DR,28,Kia Seltos,Ездоки
871DR,28,Kia Sportage,СМЗ/ИП
872DR,23,Lada Niva,Честный драйвер
873DR,38,Toyota RAV4,Нормальный парк
874DR,17,Geely Coolray,Ездоки
875DR,6,Haval F7,Честный драйвер
876DR,4,Kia Rio,Такси Для Души
877DR,12,Toyota RAV4,Нормальный парк
878DR,28,Renault Logan,Таксасин
879DR,16,Lada Vesta,АвтоПарк
880DR,31,Kia Cerato,Таксуя Жируя
881DR,33,Skoda Rapid,Понемногу Рулим
882DR,37,Renault Duster,Нормальный парк
883DR,29,Nissan Qashqai,Таксуя Жируя
884DR,24,Hyundai Creta,Таксуя Жируя
885DR,26,УАЗ Патриот,Такси Для Души
886DR,15,Nissan Qashqai,Нормальный парк
887DR,13,Lada Largus,Понемногу Рулим
888DR,27,Renault Sandero,Честный драйвер
889DR,26,Haval F7,СМЗ/ИП
890DR,5,Lada Niva,Ильич Авто
891DR,11,Kia Cerato,Ездоки
892DR,34,Hyundai Tucson,Таксасин
893DR,16,Hyundai Tucson,Такси Для Души
894DR,28,Lada Largus,АвтоПарк
895DR,20,Renault Logan,Ильич Авто
896DR,25,VW Polo,Топ парк ин зе ворлд
897DR,16,Renault Logan,Нормальный парк
898DR,27,Renault Duster,Топ парк ин зе ворлд
899DR,22,Mazda CX-5,Ездоки
900DR,8,Kia Rio,СМЗ/ИП
